AGYTYPT,AGYSUB,AGYT,AGYSUBT
Cabinet Level Agencies,AF02,DEPARTMENT OF THE AIR FORCE,AIR FORCE INSPECTION AGENCY (FO)
Cabinet Level Agencies,AF03,DEPARTMENT OF THE AIR FORCE,AIR FORCE OPERATIONAL TEST AND EVALUATION CENTER
Cabinet Level Agencies,AF06,DEPARTMENT OF THE AIR FORCE,AIR FORCE AUDIT AGENCY
Cabinet Level Agencies,AF07,DEPARTMENT OF THE AIR FORCE,AIR FORCE OFFICE OF SPECIAL INVESTIGATIONS
Cabinet Level Agencies,AF09,DEPARTMENT OF THE AIR FORCE,AIR FORCE PERSONNEL CENTER
Cabinet Level Agencies,AF0B,DEPARTMENT OF THE AIR FORCE,U.S. AIR FORCE ACADEMY
Cabinet Level Agencies,AF0D,DEPARTMENT OF THE AIR FORCE,"U.S. AIR FORCES, EUROPE"
Cabinet Level Agencies,AF0J,DEPARTMENT OF THE AIR FORCE,AIR EDUCATION AND TRAINING COMMAND
Cabinet Level Agencies,AF0M,DEPARTMENT OF THE AIR FORCE,"HEADQUARTERS, AIR FORCE RESERVE COMMAND"
Cabinet Level Agencies,AF0R,DEPARTMENT OF THE AIR FORCE,PACIFIC AIR FORCES
Cabinet Level Agencies,AF0V,DEPARTMENT OF THE AIR FORCE,AIR FORCE SPECIAL OPERATIONS COMMAND
Cabinet Level Agencies,AF12,DEPARTMENT OF THE AIR FORCE,AIR FORCE PUBLIC AFFAIRS AGENCY
Cabinet Level Agencies,AF13,DEPARTMENT OF THE AIR FORCE,HQ USAF AND SUPPORT ELEMENTS
Cabinet Level Agencies,AF16,DEPARTMENT OF THE AIR FORCE,AIR FORCE MORTUARY AFFAIRS OPERATIONS
Cabinet Level Agencies,AF1B,DEPARTMENT OF THE AIR FORCE,AIR FORCE MANPOWER ANALYSIS AGENCY
Cabinet Level Agencies,AF1C,DEPARTMENT OF THE AIR FORCE,AIR COMBAT COMMAND
Cabinet Level Agencies,AF1L,DEPARTMENT OF THE AIR FORCE,AIR MOBILITY COMMAND
Cabinet Level Agencies,AF1M,DEPARTMENT OF THE AIR FORCE,AIR FORCE MATERIEL COMMAND
Cabinet Level Agencies,AF1Q,DEPARTMENT OF THE AIR FORCE,HQ AF FLIGHT STANDARDS AGENCY
Cabinet Level Agencies,AF1Y,DEPARTMENT OF THE AIR FORCE,AIR FORCE CIVILIAN CAREER TRAINING
Cabinet Level Agencies,AF20,DEPARTMENT OF THE AIR FORCE,AIR FORCE AGENCY FOR MODELING/SIMULATION
Cabinet Level Agencies,AF2A,DEPARTMENT OF THE AIR FORCE,AIR FORCE COST ANALYSIS AGENCY
Cabinet Level Agencies,AF2E,DEPARTMENT OF THE AIR FORCE,AIR FORCE LEGAL OPERATIONS AGENCY
Cabinet Level Agencies,AF2F,DEPARTMENT OF THE AIR FORCE,AIR FORCE MEDICAL SUPPORT AGENCY
Cabinet Level Agencies,AF2H,DEPARTMENT OF THE AIR FORCE,AIR FORCE OPERATIONS GROUP
Cabinet Level Agencies,AF2I,DEPARTMENT OF THE AIR FORCE,AIR NATIONAL GUARD SUPPORT CENTER
Cabinet Level Agencies,AF2K,DEPARTMENT OF THE AIR FORCE,AIR FORCE HISTORICAL RESEARCH AGENCY
Cabinet Level Agencies,AF2L,DEPARTMENT OF THE AIR FORCE,AIR FORCE TECHNICAL APPLICATIONS CENTER
Cabinet Level Agencies,AF2M,DEPARTMENT OF THE AIR FORCE,AIR FORCE REVIEW BOARDS AGENCY
Cabinet Level Agencies,AF2R,DEPARTMENT OF THE AIR FORCE,AIR FORCE PROGRAM EXECUTIVE OFFICE
Cabinet Level Agencies,AF2S,DEPARTMENT OF THE AIR FORCE,AIR FORCE ELEMENTS NORAD
Cabinet Level Agencies,AF2T,DEPARTMENT OF THE AIR FORCE,AIR FORCE SAFETY CENTER
Cabinet Level Agencies,AF2Z,DEPARTMENT OF THE AIR FORCE,AIR FORCE MEDICAL
Cabinet Level Agencies,AF38,DEPARTMENT OF THE AIR FORCE,AFELM JCS
Cabinet Level Agencies,AF3C,DEPARTMENT OF THE AIR FORCE,"AIR FORCE ELEMENTS, U.S. CENTRAL COMMAND"
Cabinet Level Agencies,AF3D,DEPARTMENT OF THE AIR FORCE,"AIR FORCE ELEMENTS, U.S. SPECIAL OPERATIONS COMMAND"
Cabinet Level Agencies,AF3Q,DEPARTMENT OF THE AIR FORCE,"AIR FORCE ELEMENTS, U.S. STRATEGIC COMMAND"
Cabinet Level Agencies,AF3T,DEPARTMENT OF THE AIR FORCE,"AIR FORCE ELEMENTS, U.S. TRANSPORTATION COMMAND"
Cabinet Level Agencies,AF3V,DEPARTMENT OF THE AIR FORCE,AIR FORCE ELEMENTS
Cabinet Level Agencies,AF40,DEPARTMENT OF THE AIR FORCE,NATIONAL AIR AND SPACE INTELLIGENCE CENTER
Cabinet Level Agencies,AF4D,DEPARTMENT OF THE AIR FORCE,U.S. NORTHERN COMMAND
Cabinet Level Agencies,AF4F,DEPARTMENT OF THE AIR FORCE,HQ US SPACE FORCE
Cabinet Level Agencies,AF4G,DEPARTMENT OF THE AIR FORCE,UNITED STATES SPACE FORCE
Cabinet Level Agencies,AF4S,DEPARTMENT OF THE AIR FORCE,AFELM US SPACE COMMAND
Cabinet Level Agencies,AF4V,DEPARTMENT OF THE AIR FORCE,NON-DOD AND OTHER SUPPORT
Cabinet Level Agencies,AF4W,DEPARTMENT OF THE AIR FORCE,AIR FORCE DISTRICT OF WASHINGTON
Cabinet Level Agencies,AF5D,DEPARTMENT OF THE AIR FORCE,DEFENSE CYBER CRIME CENTER
Cabinet Level Agencies,AF6D,DEPARTMENT OF THE AIR FORCE,SPACE DEVELOPMENT AGENCY
Cabinet Level Agencies,AF6F,DEPARTMENT OF THE AIR FORCE,UNITED STATES SPACE FORCE FORCES
Cabinet Level Agencies,AF6K,DEPARTMENT OF THE AIR FORCE,United States Space Force Components
Cabinet Level Agencies,AF6S,DEPARTMENT OF THE AIR FORCE,SPACE SYSTEMS COMMAND
Cabinet Level Agencies,AF6T,DEPARTMENT OF THE AIR FORCE,SPACE TRAINING AND READINESS COMMAND
Cabinet Level Agencies,AFGS,DEPARTMENT OF THE AIR FORCE,AIR FORCE GLOBAL STRIKE COMMAND
Cabinet Level Agencies,AFNG,DEPARTMENT OF THE AIR FORCE,AIR NATIONAL GUARD UNITS
Cabinet Level Agencies,AFZG,DEPARTMENT OF THE AIR FORCE,U.S. SPECIAL OPERATIONS COMMAND (ANG)
Cabinet Level Agencies,AG01,DEPARTMENT OF AGRICULTURE,OFFICE OF THE SECRETARY OF AGRICULTURE
Cabinet Level Agencies,AG02,DEPARTMENT OF AGRICULTURE,AGRICULTURAL MARKETING SERVICE
Cabinet Level Agencies,AG03,DEPARTMENT OF AGRICULTURE,AGRICULTURAL RESEARCH SERVICE
Cabinet Level Agencies,AG07,DEPARTMENT OF AGRICULTURE,RURAL DEVELOPMENT
Cabinet Level Agencies,AG08,DEPARTMENT OF AGRICULTURE,RISK MANAGEMENT AGENCY
Cabinet Level Agencies,AG10,DEPARTMENT OF AGRICULTURE,FOREIGN AGRICULTURAL SERVICE
Cabinet Level Agencies,AG11,DEPARTMENT OF AGRICULTURE,FOREST SERVICE
Cabinet Level Agencies,AG13,DEPARTMENT OF AGRICULTURE,OFFICE OF COMMUNICATIONS
Cabinet Level Agencies,AG14,DEPARTMENT OF AGRICULTURE,OFFICE OF THE GENERAL COUNSEL
Cabinet Level Agencies,AG16,DEPARTMENT OF AGRICULTURE,NATURAL RESOURCES CONSERVATION SERVICE
Cabinet Level Agencies,AG18,DEPARTMENT OF AGRICULTURE,ECONOMIC RESEARCH SERVICE
Cabinet Level Agencies,AG20,DEPARTMENT OF AGRICULTURE,NATIONAL AGRICULTURAL STATISTICS SERVICE
Cabinet Level Agencies,AG22,DEPARTMENT OF AGRICULTURE,NATIONAL INSTITUTE OF FOOD AND AGRICULTURE
Cabinet Level Agencies,AG23,DEPARTMENT OF AGRICULTURE,OFFICE OF THE INSPECTOR GENERAL
Cabinet Level Agencies,AG30,DEPARTMENT OF AGRICULTURE,FOOD AND NUTRITION SERVICE
Cabinet Level Agencies,AG34,DEPARTMENT OF AGRICULTURE,ANIMAL AND PLANT HEALTH INSPECTION SERVICE
Cabinet Level Agencies,AG37,DEPARTMENT OF AGRICULTURE,FOOD SAFETY AND INSPECTION SERVICE
Cabinet Level Agencies,AG38,DEPARTMENT OF AGRICULTURE,OFFICE OF THE CHIEF ECONOMIST
Cabinet Level Agencies,AG42,DEPARTMENT OF AGRICULTURE,OFFICE OF BUDGET AND PROGRAM ANALYSIS
Cabinet Level Agencies,AG90,DEPARTMENT OF AGRICULTURE,OFFICE OF THE CHIEF FINANCIAL OFFICER
Cabinet Level Agencies,AG99,DEPARTMENT OF AGRICULTURE,FPAC BUSINESS CENTER
Cabinet Level Agencies,AGAO,DEPARTMENT OF AGRICULTURE,OFFICE OF PARTNERSHIPS AND PUBLIC ENGAGEMENT
Cabinet Level Agencies,AGCR,DEPARTMENT OF AGRICULTURE,CIVIL RIGHTS
Cabinet Level Agencies,AGDA,DEPARTMENT OF AGRICULTURE,DEPARTMENTAL ADMINISTRATION
Cabinet Level Agencies,AGFA,DEPARTMENT OF AGRICULTURE,FARM SERVICE AGENCY
Cabinet Level Agencies,AGHL,DEPARTMENT OF AGRICULTURE,HOMELAND SECURITY STAFF
Cabinet Level Agencies,AGIT,DEPARTMENT OF AGRICULTURE,OFFICE OF THE CHIEF INFORMATION OFFICER
Cabinet Level Agencies,AGNA,DEPARTMENT OF AGRICULTURE,NATIONAL APPEALS DIVISION
Cabinet Level Agencies,AR2A,DEPARTMENT OF THE ARMY,UNITED STATES ARMY CYBER COMMAND
Cabinet Level Agencies,AR3A,DEPARTMENT OF THE ARMY,U.S. ARMY CENTRAL
Cabinet Level Agencies,AR5A,DEPARTMENT OF THE ARMY,U.S. ARMY NORTH
Cabinet Level Agencies,ARAE,DEPARTMENT OF THE ARMY,U.S. ARMY ACQUISITION SUPPORT CENTER
Cabinet Level Agencies,ARAF,DEPARTMENT OF THE ARMY,UNITED STATES ARMY FUTURES COMMAND
Cabinet Level Agencies,ARAN,DEPARTMENT OF THE ARMY,U.S. ARMY NATIONAL MILITARY CEMETERIES
Cabinet Level Agencies,ARAP,DEPARTMENT OF THE ARMY,U. S. MILITARY ENTRANCE PROCESSING COMMAND
Cabinet Level Agencies,ARAS,DEPARTMENT OF THE ARMY,U.S. ARMY INTELLIGENCE AND SECURITY COMMAND
Cabinet Level Agencies,ARAT,DEPARTMENT OF THE ARMY,U.S. ARMY TEST AND EVALUATION COMMAND
Cabinet Level Agencies,ARBA,DEPARTMENT OF THE ARMY,U.S. ARMY INSTALLATION MANAGEMENT COMMAND
Cabinet Level Agencies,ARCB,DEPARTMENT OF THE ARMY,U.S. ARMY CRIMINAL INVESTIGATION COMMAND
Cabinet Level Agencies,ARCE,DEPARTMENT OF THE ARMY,U.S. ARMY CORPS OF ENGINEERS
Cabinet Level Agencies,ARCH,DEPARTMENT OF THE ARMY,US ARMY CIVILIAN HUMAN RESOURCES AGENCY
Cabinet Level Agencies,ARCP,DEPARTMENT OF THE ARMY,Civilian Protection Center Of Excellence (CP CoE)
Cabinet Level Agencies,ARCS,DEPARTMENT OF THE ARMY,IMMEDIATE OFFICE OF THE CHIEF OF STAFF OF THE ARMY
Cabinet Level Agencies,ARE1,DEPARTMENT OF THE ARMY,IMMEDIATE OFFICE OF THE COMMANDER-IN-CHIEF OF THE U.S. ARMY EUROPE AND SEVENTH ARMY
Cabinet Level Agencies,ARE2,DEPARTMENT OF THE ARMY,21ST THEATER SUSTAINMENT COMMAND (TSC)
Cabinet Level Agencies,ARE3,DEPARTMENT OF THE ARMY,UNITED STATES ARMY EUROPE AND AFRICA
Cabinet Level Agencies,ARE5,DEPARTMENT OF THE ARMY,U.S. ARMY V CORPS
Cabinet Level Agencies,AREN,DEPARTMENT OF THE ARMY,SEVENTH ARMY TRAINING COMMAND
Cabinet Level Agencies,ARFC,DEPARTMENT OF THE ARMY,U.S. ARMY FORCES COMMAND
Cabinet Level Agencies,ARGB,DEPARTMENT OF THE ARMY,OFFICE OF THE CHIEF OF THE NATIONAL GUARD BUREAU
Cabinet Level Agencies,ARHC,DEPARTMENT OF THE ARMY,US ARMY HUMAN RESOURCES COMMAND (DRU)
Cabinet Level Agencies,ARHR,DEPARTMENT OF THE ARMY,U.S. ARMY RESERVE COMMAND
Cabinet Level Agencies,ARJ1,DEPARTMENT OF THE ARMY,U.S. ARMY ELEMENT SHAPE
Cabinet Level Agencies,ARJA,DEPARTMENT OF THE ARMY,JOINT ACTIVITIES
Cabinet Level Agencies,ARMA,DEPARTMENT OF THE ARMY,U.S. MILITARY ACADEMY
Cabinet Level Agencies,ARMC,DEPARTMENT OF THE ARMY,U.S. ARMY MEDICAL COMMAND
Cabinet Level Agencies,ARMW,DEPARTMENT OF THE ARMY,U.S. ARMY MILITARY DISTRICT OF WASHINGTON
Cabinet Level Agencies,ARNG,DEPARTMENT OF THE ARMY,ARMY NATIONAL GUARD UNITS
Cabinet Level Agencies,ARP1,DEPARTMENT OF THE ARMY,"U.S. ARMY, PACIFIC"
Cabinet Level Agencies,ARPS,DEPARTMENT OF THE ARMY,MILITARY POSTAL SERVICE AGENCY
Cabinet Level Agencies,ARSA,DEPARTMENT OF THE ARMY,OFFICE OF THE SECRETARY OF THE ARMY
Cabinet Level Agencies,ARSB,DEPARTMENT OF THE ARMY,FIELD OPERATING OFFICES OF THE OFFICE OF THE SECRETARY OF THE ARMY
Cabinet Level Agencies,ARSC,DEPARTMENT OF THE ARMY,U. S. ARMY SPACE AND MISSILE DEFENSE COMMAND/U. S. ARMY FORCES STRATEGIC COMMAND
Cabinet Level Agencies,ARSE,DEPARTMENT OF THE ARMY,HQDA FIELD OPERATING AGENCIES AND STAFF SUPPORT AGENCIES AND STAFF SUPPORT AGENCIES
Cabinet Level Agencies,ARSJ,DEPARTMENT OF THE ARMY,"JOINT SERVICES AND ACTIVITIES SUPPORTED BY THE OFFICE, SECRETARY OF THE ARMY"
Cabinet Level Agencies,ARSO,DEPARTMENT OF THE ARMY,U.S. ARMY SOUTH
Cabinet Level Agencies,ARSP,DEPARTMENT OF THE ARMY,U.S. SPECIAL OPERATIONS COMMAND (ARMY)
Cabinet Level Agencies,ARTA,DEPARTMENT OF THE ARMY,U.S. ARMY RECRUITING COMMAND AND U.S. ARMY CADET COMMAND
Cabinet Level Agencies,ARTC,DEPARTMENT OF THE ARMY,U.S. ARMY TRAINING AND DOCTRINE COMMAND
Cabinet Level Agencies,ARTW,DEPARTMENT OF THE ARMY,U.S. ARMY WAR COLLEGE
Cabinet Level Agencies,ARX2,DEPARTMENT OF THE ARMY,"HEADQUARTERS, AMC"
Cabinet Level Agencies,ARX6,DEPARTMENT OF THE ARMY,U.S. ARMY AVIATION AND MISSILE COMMAND
Cabinet Level Agencies,ARX7,DEPARTMENT OF THE ARMY,U.S. ARMY TANK-AUTOMOTIVE AND ARMAMENT COMMAND (TACOM)
Cabinet Level Agencies,ARX8,DEPARTMENT OF THE ARMY,U.S. ARMY COMMUNICATIONS ELECTRONICS COMMAND
Cabinet Level Agencies,ARX9,DEPARTMENT OF THE ARMY,UNITED STATES ARMY MEDICAL LOGISTICS COMMAND
Cabinet Level Agencies,ARXA,DEPARTMENT OF THE ARMY,UNITED STATES ARMY INSTALLATION MANAGEMENT COMMAND
Cabinet Level Agencies,ARXB,DEPARTMENT OF THE ARMY,U.S. ARMY CHEMICAL MATERIALS ACTIVITY
Cabinet Level Agencies,ARXC,DEPARTMENT OF THE ARMY,U.S. ARMY SUSTAINMENT COMMAND
Cabinet Level Agencies,ARXD,DEPARTMENT OF THE ARMY,U. S. ARMY CONTRACTING COMMAND
Cabinet Level Agencies,ARXF,DEPARTMENT OF THE ARMY,UNITED STATES ARMY FINANCIAL MANAGEMENT COMMAND
Cabinet Level Agencies,ARXG,DEPARTMENT OF THE ARMY,UNITED STATES ARMY PRINT AND MEDIA DISTRIBUTION CENTER
Cabinet Level Agencies,ARXK,DEPARTMENT OF THE ARMY,MATERIEL ACQUISITION ACTIVITIES
Cabinet Level Agencies,ARXP,DEPARTMENT OF THE ARMY,U.S. ARMY SECURITY ASSISTANCE COMMAND
Cabinet Level Agencies,ARXQ,DEPARTMENT OF THE ARMY,U.S. ARMY JOINT MUNITIONS COMMAND
Cabinet Level Agencies,ARXR,DEPARTMENT OF THE ARMY,"U.S. ARMY RESEARCH, DEVELOPMENT AND ENGINEERING COMMAND"
Cabinet Level Agencies,ARXT,DEPARTMENT OF THE ARMY,U.S. ARMY MILITARY SURFACE DEPLOYMENT AND DISTRIBUTION COMMAND
Cabinet Level Agencies,ARXX,DEPARTMENT OF THE ARMY,MATERIEL READINESS ACTIVITIES
Cabinet Level Agencies,CM51,DEPARTMENT OF COMMERCE,OFFICE OF THE SECRETARY
Cabinet Level Agencies,CM52,DEPARTMENT OF COMMERCE,ECONOMIC DEVELOPMENT ADMINISTRATION
Cabinet Level Agencies,CM53,DEPARTMENT OF COMMERCE,BUREAU OF ECONOMIC ANALYSIS
Cabinet Level Agencies,CM54,DEPARTMENT OF COMMERCE,NATIONAL OCEANIC AND ATMOSPHERIC ADMINISTRATION
Cabinet Level Agencies,CM55,DEPARTMENT OF COMMERCE,INTERNATIONAL TRADE ADMINISTRATION
Cabinet Level Agencies,CM56,DEPARTMENT OF COMMERCE,PATENT AND TRADEMARK OFFICE
Cabinet Level Agencies,CM57,DEPARTMENT OF COMMERCE,NATIONAL INSTITUTE OF STANDARDS AND TECHNOLOGY
Cabinet Level Agencies,CM59,DEPARTMENT OF COMMERCE,MINORITY BUSINESS DEVELOPMENT AGENCY
Cabinet Level Agencies,CM61,DEPARTMENT OF COMMERCE,NATIONAL TELECOMMUNICATIONS AND INFORMATION ADMINISTRATION
Cabinet Level Agencies,CM62,DEPARTMENT OF COMMERCE,NATIONAL TECHNICAL INFORMATION SERVICE
Cabinet Level Agencies,CM63,DEPARTMENT OF COMMERCE,U.S. CENSUS BUREAU
Cabinet Level Agencies,CM64,DEPARTMENT OF COMMERCE,OFFICE OF THE INSPECTOR GENERAL
Cabinet Level Agencies,CM67,DEPARTMENT OF COMMERCE,BUREAU OF INDUSTRY AND SECURITY
Cabinet Level Agencies,DD01,DEPARTMENT OF DEFENSE,OFFICE OF THE SECRETARY OF DEFENSE
Cabinet Level Agencies,DD02,DEPARTMENT OF DEFENSE,ORGANIZATION OF THE JOINT CHIEFS OF STAFF
Cabinet Level Agencies,DD04,DEPARTMENT OF DEFENSE,DEFENSE INFORMATION SYSTEMS AGENCY
Cabinet Level Agencies,DD06,DEPARTMENT OF DEFENSE,DEFENSE SECURITY COOPERATION AGENCY
Cabinet Level Agencies,DD07,DEPARTMENT OF DEFENSE,DEFENSE LOGISTICS AGENCY
Cabinet Level Agencies,DD08,DEPARTMENT OF DEFENSE,U.S. COURT OF APPEALS FOR THE ARMED FORCES
Cabinet Level Agencies,DD10,DEPARTMENT OF DEFENSE,DEFENSE CONTRACT AUDIT AGENCY
Cabinet Level Agencies,DD12,DEPARTMENT OF DEFENSE,DEFENSE COUNTERINTELLIGENCE AND SECURITY AGENCY
Cabinet Level Agencies,DD13,DEPARTMENT OF DEFENSE,DEFENSE ADVANCED RESEARCH PROJECTS AGENCY
Cabinet Level Agencies,DD15,DEPARTMENT OF DEFENSE,UNIFORMED SERVICES UNIVERSITY OF THE HEALTH SCIENCES
Cabinet Level Agencies,DD16,DEPARTMENT OF DEFENSE,DEPARTMENT OF DEFENSE EDUCATION ACTIVITY
Cabinet Level Agencies,DD21,DEPARTMENT OF DEFENSE,WASHINGTON HEADQUARTERS SERVICES
Cabinet Level Agencies,DD23,DEPARTMENT OF DEFENSE,OFFICE OF ECONOMIC ADJUSTMENT
Cabinet Level Agencies,DD25,DEPARTMENT OF DEFENSE,DEFENSE LEGAL SERVICES AGENCY
Cabinet Level Agencies,DD26,DEPARTMENT OF DEFENSE,OFFICE OF THE INSPECTOR GENERAL
Cabinet Level Agencies,DD27,DEPARTMENT OF DEFENSE,MISSILE DEFENSE AGENCY
Cabinet Level Agencies,DD29,DEPARTMENT OF DEFENSE,DEFENSE TECHNOLOGY SECURITY ADMINISTRATION
Cabinet Level Agencies,DD34,DEPARTMENT OF DEFENSE,DEFENSE COMMISSARY AGENCY
Cabinet Level Agencies,DD35,DEPARTMENT OF DEFENSE,DEFENSE FINANCE AND ACCOUNTING SERVICE
Cabinet Level Agencies,DD48,DEPARTMENT OF DEFENSE,DEFENSE HUMAN RESOURCES ACTIVITY
Cabinet Level Agencies,DD53,DEPARTMENT OF DEFENSE,DEFENSE POW/MIA ACCOUNTING AGENCY
Cabinet Level Agencies,DD60,DEPARTMENT OF DEFENSE,DEFENSE HEALTH AGENCY
Cabinet Level Agencies,DD61,DEPARTMENT OF DEFENSE,DEFENSE THREAT REDUCTION AGENCY
Cabinet Level Agencies,DD63,DEPARTMENT OF DEFENSE,DEFENSE CONTRACT MANAGEMENT AGENCY
Cabinet Level Agencies,DD65,DEPARTMENT OF DEFENSE,PENTAGON FORCE PROTECTION AGENCY
Cabinet Level Agencies,DD68,DEPARTMENT OF DEFENSE,DEPARTMENT OF DEFENSE TEST RESOURCE MANAGEMENT CENTER
Cabinet Level Agencies,DD69,DEPARTMENT OF DEFENSE,NATIONAL DEFENSE UNIVERSITY
Cabinet Level Agencies,DD71,DEPARTMENT OF DEFENSE,DEFENSE MICROELECTRONICS ACTIVITY
Cabinet Level Agencies,DD74,DEPARTMENT OF DEFENSE,DEFENSE TECHNICAL INFORMATION CENTER
Cabinet Level Agencies,DD80,DEPARTMENT OF DEFENSE,DEFENSE MEDIA ACTIVITY
Cabinet Level Agencies,DD81,DEPARTMENT OF DEFENSE,DEFENSE ACQUISITION UNIVERSITY
Cabinet Level Agencies,DD82,DEPARTMENT OF DEFENSE,NATIONAL RECONNAISSANCE OFFICE
Cabinet Level Agencies,DD83,DEPARTMENT OF DEFENSE,MILITARY TREATMENT FACILITIES UNDER DHA
Cabinet Level Agencies,DJ01,DEPARTMENT OF JUSTICE,"OFFICES, BOARDS AND DIVISIONS"
Cabinet Level Agencies,DJ02,DEPARTMENT OF JUSTICE,FEDERAL BUREAU OF INVESTIGATION
Cabinet Level Agencies,DJ03,DEPARTMENT OF JUSTICE,BUREAU OF PRISONS/FEDERAL PRISON SYSTEM
Cabinet Level Agencies,DJ06,DEPARTMENT OF JUSTICE,DRUG ENFORCEMENT ADMINISTRATION
Cabinet Level Agencies,DJ07,DEPARTMENT OF JUSTICE,OFFICE OF JUSTICE PROGRAMS
Cabinet Level Agencies,DJ08,DEPARTMENT OF JUSTICE,U.S. MARSHALS SERVICE
Cabinet Level Agencies,DJ09,DEPARTMENT OF JUSTICE,EXECUTIVE OFFICE FOR U.S. ATTORNEYS AND THE OFFICES OF THE U.S. ATTORNEYS
Cabinet Level Agencies,DJ10,DEPARTMENT OF JUSTICE,OFFICE OF THE INSPECTOR GENERAL
Cabinet Level Agencies,DJ11,DEPARTMENT OF JUSTICE,U.S. TRUSTEE PROGRAM
Cabinet Level Agencies,DJ12,DEPARTMENT OF JUSTICE,EXECUTIVE OFFICE FOR IMMIGRATION REVIEW
Cabinet Level Agencies,DJ14,DEPARTMENT OF JUSTICE,COMMUNITY RELATIONS SERVICE
Cabinet Level Agencies,DJ15,DEPARTMENT OF JUSTICE,"BUREAU OF ALCOHOL, TOBACCO, FIREARMS, AND EXPLOSIVES"
Cabinet Level Agencies,DLAA,DEPARTMENT OF LABOR,OFFICE OF THE SECRETARY OF LABOR
Cabinet Level Agencies,DLAM,DEPARTMENT OF LABOR,OFFICE OF THE ASSISTANT SECRETARY FOR ADMINISTRATION AND MANAGEMENT
Cabinet Level Agencies,DLBL,DEPARTMENT OF LABOR,BUREAU OF INTERNATIONAL LABOR AFFAIRS
Cabinet Level Agencies,DLCA,DEPARTMENT OF LABOR,OFFICE OF CONGRESSIONAL AND INTERGOVERNMENTAL AFFAIRS
Cabinet Level Agencies,DLCF,DEPARTMENT OF LABOR,OFFICE OF THE CHIEF FINANCIAL OFFICER
Cabinet Level Agencies,DLEH,DEPARTMENT OF LABOR,OFFICE OF DISABILITY EMPLOYMENT POLICY
Cabinet Level Agencies,DLET,DEPARTMENT OF LABOR,EMPLOYMENT AND TRAINING ADMINISTRATION
Cabinet Level Agencies,DLIG,DEPARTMENT OF LABOR,OFFICE OF THE INSPECTOR GENERAL
Cabinet Level Agencies,DLLS,DEPARTMENT OF LABOR,BUREAU OF LABOR STATISTICS
Cabinet Level Agencies,DLMS,DEPARTMENT OF LABOR,MINE SAFETY AND HEALTH ADMINISTRATION
Cabinet Level Agencies,DLOF,DEPARTMENT OF LABOR,OFFICE OF FEDERAL CONTRACT COMPLIANCE PROGRAMS
Cabinet Level Agencies,DLOL,DEPARTMENT OF LABOR,OFFICE OF LABOR-MANAGEMENT STANDARDS
Cabinet Level Agencies,DLOW,DEPARTMENT OF LABOR,OFFICE OF WORKERS' COMPENSATION PROGRAMS
Cabinet Level Agencies,DLPA,DEPARTMENT OF LABOR,OFFICE OF PUBLIC AFFAIRS
Cabinet Level Agencies,DLPE,DEPARTMENT OF LABOR,OFFICE OF THE ASSISTANT SECRETARY FOR POLICY
Cabinet Level Agencies,DLPW,DEPARTMENT OF LABOR,EMPLOYEE BENEFITS SECURITY ADMINISTRATION
Cabinet Level Agencies,DLSH,DEPARTMENT OF LABOR,OCCUPATIONAL SAFETY AND HEALTH ADMINISTRATION
Cabinet Level Agencies,DLSL,DEPARTMENT OF LABOR,OFFICE OF THE SOLICITOR
Cabinet Level Agencies,DLVE,DEPARTMENT OF LABOR,VETERANS EMPLOYMENT AND TRAINING SERVICES
Cabinet Level Agencies,DLWB,DEPARTMENT OF LABOR,WOMEN'S BUREAU
Cabinet Level Agencies,DLWH,DEPARTMENT OF LABOR,WAGE AND HOUR DIVISION
Cabinet Level Agencies,DN00,DEPARTMENT OF ENERGY,DEPARTMENT OF ENERGY
Cabinet Level Agencies,DNFE,DEPARTMENT OF ENERGY,FEDERAL ENERGY REGULATORY COMMISSION
Cabinet Level Agencies,EDEA,DEPARTMENT OF EDUCATION,IMMEDIATE OFFICE OF THE SECRETARY OF EDUCATION
Cabinet Level Agencies,EDEB,DEPARTMENT OF EDUCATION,OFFICE OF THE DUTY SECRETARY OF EDUCATION
Cabinet Level Agencies,EDEC,DEPARTMENT OF EDUCATION,OFFICE FOR CIVIL RIGHTS
Cabinet Level Agencies,EDED,DEPARTMENT OF EDUCATION,"OFFICE OF PLANNING, EVALUATION AND POLICY DEVELOPMENT"
Cabinet Level Agencies,EDEE,DEPARTMENT OF EDUCATION,OFFICE OF THE UNDER SECRETARY
Cabinet Level Agencies,EDEF,DEPARTMENT OF EDUCATION,OFFICE OF INSPECTOR GENERAL
Cabinet Level Agencies,EDEG,DEPARTMENT OF EDUCATION,OFFICE OF THE GENERAL COUNSEL
Cabinet Level Agencies,EDEH,DEPARTMENT OF EDUCATION,OFFICE OF SPECIAL EDUCATION AND REHABILITATIVE SERVICES
Cabinet Level Agencies,EDEI,DEPARTMENT OF EDUCATION,OFFICE OF THE CHIEF INFORMATION OFFICER
Cabinet Level Agencies,EDEJ,DEPARTMENT OF EDUCATION,OFFICE OF LEGISLATION AND CONGRESSIONAL AFFAIRS
Cabinet Level Agencies,EDEK,DEPARTMENT OF EDUCATION,OFFICE OF FINANCE AND OPERATIONS
Cabinet Level Agencies,EDEN,DEPARTMENT OF EDUCATION,FEDERAL STUDENT AID
Cabinet Level Agencies,EDEO,DEPARTMENT OF EDUCATION,OFFICE OF COMMUNICATIONS AND OUTREACH
Cabinet Level Agencies,EDEP,DEPARTMENT OF EDUCATION,OFFICE OF POSTSECONDARY EDUCATION
Cabinet Level Agencies,EDER,DEPARTMENT OF EDUCATION,INSTITUTE OF EDUCATION SCIENCES
Cabinet Level Agencies,EDES,DEPARTMENT OF EDUCATION,OFFICE OF ELEMENTARY AND SECONDARY EDUCATION
Cabinet Level Agencies,EDET,DEPARTMENT OF EDUCATION,OFFICE OF ENGLISH LANGUAGE ACQUISITION
Cabinet Level Agencies,EDEV,DEPARTMENT OF EDUCATION,"OFFICE OF CAREER, TECHNICAL, AND ADULT EDUCATION"
Cabinet Level Agencies,EDEZ,DEPARTMENT OF EDUCATION,NATIONAL ASSESSMENT GOVERNING BOARD
Cabinet Level Agencies,HE10,DEPARTMENT OF HEALTH AND HUMAN SERVICES,OFFICE OF THE SECRETARY OF HEALTH AND HUMAN SERVICES
Cabinet Level Agencies,HE11,DEPARTMENT OF HEALTH AND HUMAN SERVICES,PROGRAM SUPPORT CENTER
Cabinet Level Agencies,HE12,DEPARTMENT OF HEALTH AND HUMAN SERVICES,ADMINISTRATION FOR COMMUNITY LIVING
Cabinet Level Agencies,HE13,DEPARTMENT OF HEALTH AND HUMAN SERVICES,OFFICE OF INSPECTOR GENERAL
Cabinet Level Agencies,HE31,DEPARTMENT OF HEALTH AND HUMAN SERVICES,OFFICE OF THE ASSISTANT SECRETARY FOR HEALTH
Cabinet Level Agencies,HE32,DEPARTMENT OF HEALTH AND HUMAN SERVICES,SUBSTANCE ABUSE AND MENTAL HEALTH SERVICES ADMINISTRATION
Cabinet Level Agencies,HE33,DEPARTMENT OF HEALTH AND HUMAN SERVICES,AGENCY FOR HEALTHCARE RESEARCH AND QUALITY
Cabinet Level Agencies,HE34,DEPARTMENT OF HEALTH AND HUMAN SERVICES,HEALTH RESOURCES AND SERVICES ADMINISTRATION
Cabinet Level Agencies,HE35,DEPARTMENT OF HEALTH AND HUMAN SERVICES,AGENCY FOR TOXIC SUBSTANCES AND DISEASE REGISTRY
Cabinet Level Agencies,HE36,DEPARTMENT OF HEALTH AND HUMAN SERVICES,FOOD AND DRUG ADMINISTRATION
Cabinet Level Agencies,HE37,DEPARTMENT OF HEALTH AND HUMAN SERVICES,INDIAN HEALTH SERVICE
Cabinet Level Agencies,HE38,DEPARTMENT OF HEALTH AND HUMAN SERVICES,NATIONAL INSTITUTES OF HEALTH
Cabinet Level Agencies,HE39,DEPARTMENT OF HEALTH AND HUMAN SERVICES,CENTERS FOR DISEASE CONTROL AND PREVENTION
Cabinet Level Agencies,HE50,DEPARTMENT OF HEALTH AND HUMAN SERVICES,OFFICE OF MEDICARE HEARINGS AND APPEALS
Cabinet Level Agencies,HE60,DEPARTMENT OF HEALTH AND HUMAN SERVICES,ADMINISTRATION FOR STRATEGIC PREPAREDNESS AND RESPONSE
Cabinet Level Agencies,HE70,DEPARTMENT OF HEALTH AND HUMAN SERVICES,CENTERS FOR MEDICARE & MEDICAID SERVICES
Cabinet Level Agencies,HE90,DEPARTMENT OF HEALTH AND HUMAN SERVICES,ADMINISTRATION FOR CHILDREN AND FAMILIES
Cabinet Level Agencies,HSAA,DEPARTMENT OF HOMELAND SECURITY,DHS HEADQUARTERS
Cabinet Level Agencies,HSAB,DEPARTMENT OF HOMELAND SECURITY,CITIZENSHIP AND IMMIGRATION SERVICES
Cabinet Level Agencies,HSAC,DEPARTMENT OF HOMELAND SECURITY,U.S. COAST GUARD
Cabinet Level Agencies,HSAD,DEPARTMENT OF HOMELAND SECURITY,U.S. SECRET SERVICE
Cabinet Level Agencies,HSAE,DEPARTMENT OF HOMELAND SECURITY,OFFICE OF THE INSPECTOR GENERAL
Cabinet Level Agencies,HSBB,DEPARTMENT OF HOMELAND SECURITY,IMMIGRATION AND CUSTOMS ENFORCEMENT
Cabinet Level Agencies,HSBC,DEPARTMENT OF HOMELAND SECURITY,TRANSPORTATION SECURITY ADMINISTRATION
Cabinet Level Agencies,HSBD,DEPARTMENT OF HOMELAND SECURITY,CUSTOMS AND BORDER PROTECTION
Cabinet Level Agencies,HSBE,DEPARTMENT OF HOMELAND SECURITY,FEDERAL LAW ENFORCEMENT TRAINING CENTERS
Cabinet Level Agencies,HSCA,DEPARTMENT OF HOMELAND SECURITY,CYBERSECURITY AND INFRASTRUCTURE SECURITY AGENCY
Cabinet Level Agencies,HSCB,DEPARTMENT OF HOMELAND SECURITY,FEDERAL EMERGENCY MANAGEMENT AGENCY
Cabinet Level Agencies,HSDA,DEPARTMENT OF HOMELAND SECURITY,DOMESTIC NUCLEAR DETECTION OFFICE
Cabinet Level Agencies,HSFA,DEPARTMENT OF HOMELAND SECURITY,SCIENCE AND TECHNOLOGY DIRECTORATE
Cabinet Level Agencies,HU01,DEPARTMENT OF HOUSING AND URBAN DEVELOPMENT,OFFICE OF THE SENIOR COORDINATOR FOR NEW ENGLAND
Cabinet Level Agencies,HU02,DEPARTMENT OF HOUSING AND URBAN DEVELOPMENT,OFFICE OF THE SENIOR COORDINATOR FOR NEW YORK/NEW JERSEY
Cabinet Level Agencies,HU03,DEPARTMENT OF HOUSING AND URBAN DEVELOPMENT,OFFICE OF THE SENIOR COORDINATOR FOR MID-ATLANTIC
Cabinet Level Agencies,HU04,DEPARTMENT OF HOUSING AND URBAN DEVELOPMENT,OFFICE OF THE SENIOR COORDINATOR FOR SOUTHEAST/CARIBBEAN
Cabinet Level Agencies,HU05,DEPARTMENT OF HOUSING AND URBAN DEVELOPMENT,OFFICE OF THE SENIOR COORDINATOR FOR MIDWEST
Cabinet Level Agencies,HU06,DEPARTMENT OF HOUSING AND URBAN DEVELOPMENT,OFFICE OF THE SENIOR COORDINATOR FOR SOUTHWEST
Cabinet Level Agencies,HU07,DEPARTMENT OF HOUSING AND URBAN DEVELOPMENT,OFFICE OF THE SENIOR COORDINATOR FOR GREAT PLAINS
Cabinet Level Agencies,HU08,DEPARTMENT OF HOUSING AND URBAN DEVELOPMENT,OFFICE OF THE SENIOR COORDINATOR FOR ROCKY MOUNTAINS
Cabinet Level Agencies,HU09,DEPARTMENT OF HOUSING AND URBAN DEVELOPMENT,OFFICE OF THE SENIOR COORDINATOR FOR PACIFIC/HAWAII
Cabinet Level Agencies,HU10,DEPARTMENT OF HOUSING AND URBAN DEVELOPMENT,OFFICE OF THE SENIOR COORDINATOR FOR NORTHWEST/ALASKA
Cabinet Level Agencies,HUAA,DEPARTMENT OF HOUSING AND URBAN DEVELOPMENT,OFFICE OF THE SECRETARY OF HOUSING AND URBAN DEVELOPMENT
Cabinet Level Agencies,HUBB,DEPARTMENT OF HOUSING AND URBAN DEVELOPMENT,OFFICE OF THE CHIEF HUMAN CAPITAL OFFICER
Cabinet Level Agencies,HUCC,DEPARTMENT OF HOUSING AND URBAN DEVELOPMENT,OFFICE OF GENERAL COUNSEL
Cabinet Level Agencies,HUDD,DEPARTMENT OF HOUSING AND URBAN DEVELOPMENT,ASSISTANT SECRETARY FOR COMMUNITY PLANNING AND DEVELOPMENT
Cabinet Level Agencies,HUEE,DEPARTMENT OF HOUSING AND URBAN DEVELOPMENT,ASSISTANT SECRETARY FOR FAIR HOUSING AND EQUAL OPPORTUNITY
Cabinet Level Agencies,HUFF,DEPARTMENT OF HOUSING AND URBAN DEVELOPMENT,OFFICE OF THE CHIEF FINANCIAL OFFICER
Cabinet Level Agencies,HUGG,DEPARTMENT OF HOUSING AND URBAN DEVELOPMENT,OFFICE OF INSPECTOR GENERAL
Cabinet Level Agencies,HUJJ,DEPARTMENT OF HOUSING AND URBAN DEVELOPMENT,ASSISTANT SECRETARY FOR CONGRESSIONAL AND INTERGOVERNMENTAL RELATIONS
Cabinet Level Agencies,HUKA,DEPARTMENT OF HOUSING AND URBAN DEVELOPMENT,CENTER FOR FAITH-BASED AND COMMUNITY INITIATIVES
Cabinet Level Agencies,HUKK,DEPARTMENT OF HOUSING AND URBAN DEVELOPMENT,OFFICE OF FIELD POLICY AND MANAGEMENT
Cabinet Level Agencies,HULL,DEPARTMENT OF HOUSING AND URBAN DEVELOPMENT,OFFICE OF HEALTHY HOMES AND LEAD HAZARD CONTROL
Cabinet Level Agencies,HUMM,DEPARTMENT OF HOUSING AND URBAN DEVELOPMENT,ASSISTANT SECRETARY FOR HOUSING-FEDERAL HOUSING COMMISSIONER
Cabinet Level Agencies,HUNN,DEPARTMENT OF HOUSING AND URBAN DEVELOPMENT,OFFICE OF THE CHIEF PROCUREMENT OFFICER
Cabinet Level Agencies,HUPP,DEPARTMENT OF HOUSING AND URBAN DEVELOPMENT,ASSISTANT SECRETARY FOR PUBLIC AND INDIAN HOUSING
Cabinet Level Agencies,HUQQ,DEPARTMENT OF HOUSING AND URBAN DEVELOPMENT,OFFICE OF THE CHIEF INFORMATION OFFICER
Cabinet Level Agencies,HURR,DEPARTMENT OF HOUSING AND URBAN DEVELOPMENT,ASSISTANT SECRETARY FOR POLICY DEVELOPMENT AND RESEARCH
Cabinet Level Agencies,HUTT,DEPARTMENT OF HOUSING AND URBAN DEVELOPMENT,GOVERNMENT NATIONAL MORTGAGE ASSOCIATION (GINNIE MAE)
Cabinet Level Agencies,HUUU,DEPARTMENT OF HOUSING AND URBAN DEVELOPMENT,OFFICE OF DEPARTMENTAL EQUAL EMPLOYMENT OPPORTUNITY
Cabinet Level Agencies,HUVV,DEPARTMENT OF HOUSING AND URBAN DEVELOPMENT,OFFICE OF DISASTER MANAGEMENT AND NATIONAL SECURITY
Cabinet Level Agencies,HUWW,DEPARTMENT OF HOUSING AND URBAN DEVELOPMENT,ASSISTANT SECRETARY FOR PUBLIC AFFAIRS
Cabinet Level Agencies,IN01,DEPARTMENT OF THE INTERIOR,OFFICE OF THE SECRETARY OF THE INTERIOR
Cabinet Level Agencies,IN05,DEPARTMENT OF THE INTERIOR,BUREAU OF LAND MANAGEMENT
Cabinet Level Agencies,IN06,DEPARTMENT OF THE INTERIOR,INDIAN AFFAIRS
Cabinet Level Agencies,IN07,DEPARTMENT OF THE INTERIOR,BUREAU OF RECLAMATION
Cabinet Level Agencies,IN08,DEPARTMENT OF THE INTERIOR,GEOLOGICAL SURVEY
Cabinet Level Agencies,IN10,DEPARTMENT OF THE INTERIOR,NATIONAL PARK SERVICE
Cabinet Level Agencies,IN15,DEPARTMENT OF THE INTERIOR,U.S. FISH AND WILDLIFE SERVICE
Cabinet Level Agencies,IN21,DEPARTMENT OF THE INTERIOR,OFFICE OF THE SOLICITOR
Cabinet Level Agencies,IN22,DEPARTMENT OF THE INTERIOR,"OFFICE OF SURFACE MINING, RECLAMATION AND ENFORCEMENT"
Cabinet Level Agencies,IN24,DEPARTMENT OF THE INTERIOR,OFFICE OF THE INSPECTOR GENERAL
Cabinet Level Agencies,IN26,DEPARTMENT OF THE INTERIOR,BUREAU OF SAFETY AND ENVIRONMENTAL ENFORCEMENT
Cabinet Level Agencies,IN27,DEPARTMENT OF THE INTERIOR,BUREAU OF OCEAN ENERGY MANAGEMENT
Cabinet Level Agencies,IN28,DEPARTMENT OF THE INTERIOR,BUREAU OF INDIAN EDUCATION
Cabinet Level Agencies,IN29,DEPARTMENT OF THE INTERIOR,BUREAU OF TRUST FUNDS ADMINISTRATION
Cabinet Level Agencies,NV11,DEPARTMENT OF THE NAVY,IMMEDIATE OFFICE OF THE CHIEF OF NAVAL OPERATIONS
Cabinet Level Agencies,NV12,DEPARTMENT OF THE NAVY,"DIRECTORATE FOR ADMINISTRATIONS, LOGISTICS, AND OPERATIONS (DALO)"
Cabinet Level Agencies,NV14,DEPARTMENT OF THE NAVY,OFFICE OF NAVAL RESEARCH
Cabinet Level Agencies,NV15,DEPARTMENT OF THE NAVY,NAVAL INTELLIGENCE COMMAND
Cabinet Level Agencies,NV18,DEPARTMENT OF THE NAVY,NAVAL MEDICAL COMMAND
Cabinet Level Agencies,NV19,DEPARTMENT OF THE NAVY,NAVAL AIR SYSTEMS COMMAND
Cabinet Level Agencies,NV22,DEPARTMENT OF THE NAVY,BUREAU OF NAVAL PERSONNEL
Cabinet Level Agencies,NV23,DEPARTMENT OF THE NAVY,NAVAL SUPPLY SYSTEMS COMMAND
Cabinet Level Agencies,NV24,DEPARTMENT OF THE NAVY,NAVAL SEA SYSTEMS COMMAND
Cabinet Level Agencies,NV25,DEPARTMENT OF THE NAVY,NAVAL FACILITIES ENGINEERING COMMAND
Cabinet Level Agencies,NV27,DEPARTMENT OF THE NAVY,U.S. MARINE CORPS
Cabinet Level Agencies,NV30,DEPARTMENT OF THE NAVY,STRATEGIC SYSTEMS PROGRAMS (SSP)
Cabinet Level Agencies,NV33,DEPARTMENT OF THE NAVY,MILITARY SEALIFT COMMAND
Cabinet Level Agencies,NV39,DEPARTMENT OF THE NAVY,"COMMANDER, NAVAL INFORMATION WARFARE SYSTEMS COMMAND (NAVWARSYSCOM)"
Cabinet Level Agencies,NV41,DEPARTMENT OF THE NAVY,NAVY SYSTEMS MANAGEMENT ACTIVITY
Cabinet Level Agencies,NV52,DEPARTMENT OF THE NAVY,"COMMANDER, NAVY INSTALLATIONS"
Cabinet Level Agencies,NV60,DEPARTMENT OF THE NAVY,UNITED STATES FLEET FORCES COMMAND
Cabinet Level Agencies,NV70,DEPARTMENT OF THE NAVY,"U.S. PACIFIC FLEET, COMMANDER IN CHIEF"
Cabinet Level Agencies,NV72,DEPARTMENT OF THE NAVY,NAVY RESERVE FORCE
Cabinet Level Agencies,NV74,DEPARTMENT OF THE NAVY,NAVAL SPECIAL WARFARE COMMAND
Cabinet Level Agencies,NV76,DEPARTMENT OF THE NAVY,NAVAL EDUCATION AND TRAINING COMMAND
Cabinet Level Agencies,ST00,DEPARTMENT OF STATE,DEPARTMENT OF STATE
Cabinet Level Agencies,TD01,DEPARTMENT OF TRANSPORTATION,OFFICE OF THE SECRETARY OF TRANSPORTATION
Cabinet Level Agencies,TD03,DEPARTMENT OF TRANSPORTATION,FEDERAL AVIATION ADMINISTRATION
Cabinet Level Agencies,TD04,DEPARTMENT OF TRANSPORTATION,FEDERAL HIGHWAY ADMINISTRATION
Cabinet Level Agencies,TD05,DEPARTMENT OF TRANSPORTATION,FEDERAL RAILROAD ADMINISTRATION
Cabinet Level Agencies,TD06,DEPARTMENT OF TRANSPORTATION,GREAT LAKES SAINT LAWRENCE SEAWAY DEVELOPMENT CORPORATION
Cabinet Level Agencies,TD09,DEPARTMENT OF TRANSPORTATION,FEDERAL TRANSIT ADMINISTRATION
Cabinet Level Agencies,TD10,DEPARTMENT OF TRANSPORTATION,NATIONAL HIGHWAY TRAFFIC SAFETY ADMINISTRATION
Cabinet Level Agencies,TD12,DEPARTMENT OF TRANSPORTATION,OFFICE OF INSPECTOR GENERAL
Cabinet Level Agencies,TD13,DEPARTMENT OF TRANSPORTATION,MARITIME ADMINISTRATION
Cabinet Level Agencies,TD16,DEPARTMENT OF TRANSPORTATION,PIPELINE AND HAZARDOUS MATERIALS SAFETY ADMINISTRATION
Cabinet Level Agencies,TD17,DEPARTMENT OF TRANSPORTATION,FEDERAL MOTOR CARRIER SAFETY ADMINISTRATION
Cabinet Level Agencies,TR40,DEPARTMENT OF THE TREASURY,ALCOHOL AND TOBACCO TAX AND TRADE BUREAU
Cabinet Level Agencies,TR91,DEPARTMENT OF THE TREASURY,DEPARTMENTAL OFFICES
Cabinet Level Agencies,TR93,DEPARTMENT OF THE TREASURY,INTERNAL REVENUE SERVICE
Cabinet Level Agencies,TR95,DEPARTMENT OF THE TREASURY,OFFICE OF INSPECTOR GENERAL
Cabinet Level Agencies,TRAD,DEPARTMENT OF THE TREASURY,U.S. MINT
Cabinet Level Agencies,TRAF,DEPARTMENT OF THE TREASURY,FINANCIAL CRIMES ENFORCEMENT NETWORK
Cabinet Level Agencies,TRAI,DEPARTMENT OF THE TREASURY,BUREAU OF ENGRAVING AND PRINTING
Cabinet Level Agencies,TRAJ,DEPARTMENT OF THE TREASURY,OFFICE OF THE COMPTROLLER OF THE CURRENCY
Cabinet Level Agencies,TRFD,DEPARTMENT OF THE TREASURY,BUREAU OF THE FISCAL SERVICE
Cabinet Level Agencies,TRTG,DEPARTMENT OF THE TREASURY,OFFICE OF THE INSPECTOR GENERAL FOR TAX ADMINISTRATION
Cabinet Level Agencies,VAAA,DEPARTMENT OF VETERANS AFFAIRS,OFFICE OF THE SECRETARY
Cabinet Level Agencies,VAAD,DEPARTMENT OF VETERANS AFFAIRS,BOARD OF VETERANS APPEALS
Cabinet Level Agencies,VAAE,DEPARTMENT OF VETERANS AFFAIRS,GENERAL COUNSEL
Cabinet Level Agencies,VAAF,DEPARTMENT OF VETERANS AFFAIRS,INSPECTOR GENERAL
Cabinet Level Agencies,VAAI,DEPARTMENT OF VETERANS AFFAIRS,ELECTRONIC HEALTH RECORD MODERNIZATION
Cabinet Level Agencies,VAAJ,DEPARTMENT OF VETERANS AFFAIRS,OFFICE OF ACCOUNTABILITY AND WHISTLEBLOWER PROTECTION
Cabinet Level Agencies,VABA,DEPARTMENT OF VETERANS AFFAIRS,IMMEDIATE OFFICE OF THE ASSISTANT SECRETARY FOR HUMAN RESOURCES AND ADMINISTRATION
Cabinet Level Agencies,VABC,DEPARTMENT OF VETERANS AFFAIRS,CHIEF HUMAN CAPITAL OFFICER
Cabinet Level Agencies,VABD,DEPARTMENT OF VETERANS AFFAIRS,ASSISTANT SECRETARY FOR DIVERSITY & INCLUSION
Cabinet Level Agencies,VABE,DEPARTMENT OF VETERANS AFFAIRS,DEPUTY ASSISTANT SECRETARY FOR ADMINISTRATION
Cabinet Level Agencies,VABF,DEPARTMENT OF VETERANS AFFAIRS,DEPUTY ASSISTANT SECRETARY FOR OFFICE OF RESOLUTION MANAGEMENT
Cabinet Level Agencies,VABG,DEPARTMENT OF VETERANS AFFAIRS,DEPUTY ASSISTANT SECRETARY FOR CORPORATE SENIOR EXECUTIVE MANAGEMENT
Cabinet Level Agencies,VABH,DEPARTMENT OF VETERANS AFFAIRS,DEPUTY ASSISTANT SECRETARY FOR LABOR MANAGEMENT RELATIONS
Cabinet Level Agencies,VABK,DEPARTMENT OF VETERANS AFFAIRS,OFFICE OF ENTERPRISE OPERATIONS
Cabinet Level Agencies,VADA,DEPARTMENT OF VETERANS AFFAIRS,IMMEDIATE OFFICE OF THE ASSISTANT SECRETARY FOR MANAGEMENT
Cabinet Level Agencies,VADC,DEPARTMENT OF VETERANS AFFAIRS,DEPUTY ASSISTANT SECRETARY FOR BUDGET
Cabinet Level Agencies,VADD,DEPARTMENT OF VETERANS AFFAIRS,DEPUTY ASSISTANT SECRETARY FOR FINANCE
Cabinet Level Agencies,VADE,DEPARTMENT OF VETERANS AFFAIRS,DEPUTY ASSISTANT SECRETARY FOR FMBTS
Cabinet Level Agencies,VADG,DEPARTMENT OF VETERANS AFFAIRS,"EXECUTIVE DIRECTOR, OFFICE OF ACQUISITION AND LOGISTICS"
Cabinet Level Agencies,VAEA,DEPARTMENT OF VETERANS AFFAIRS,IMMEDIATE OFFICE OF THE ASSISTANT SECRETARY FOR INFORMATION AND TECHNOLOGY
Cabinet Level Agencies,VAEB,DEPARTMENT OF VETERANS AFFAIRS,DEPUTY ASSISTANT SECRETARY FOR INFORMATION AND TECHNOLOGY
Cabinet Level Agencies,VAGA,DEPARTMENT OF VETERANS AFFAIRS,"IMMEDIATE OFFICE OF THE ASSISTANT SECRETARY FOR OPERATIONS, SECURITY, AND PREPAREDNESS"
Cabinet Level Agencies,VAGB,DEPARTMENT OF VETERANS AFFAIRS,EXECUTIVE DIRECTOR FOR SECURITY AND LAW ENFORCEMENT
Cabinet Level Agencies,VAGC,DEPARTMENT OF VETERANS AFFAIRS,DEP ASST SEC FOR EMERGENCY MGT & RESILIENCE
Cabinet Level Agencies,VAGD,DEPARTMENT OF VETERANS AFFAIRS,"EXECUTIVE DIRECTOR FOR IDENTITY, CREDENTIAL, AND ACCESSMANAGEMENT"
Cabinet Level Agencies,VAHA,DEPARTMENT OF VETERANS AFFAIRS,OFFICE OF ENTERPRISE INTEGRATION
Cabinet Level Agencies,VAHG,DEPARTMENT OF VETERANS AFFAIRS,VET CUSTOMER EXPER (VCE)
Cabinet Level Agencies,VAJA,DEPARTMENT OF VETERANS AFFAIRS,OFFICE OF THE ASSISTANT SECRETARY FOR PUBLIC AND INTERGOVERNMENTAL AFFAIRS
Cabinet Level Agencies,VAJB,DEPARTMENT OF VETERANS AFFAIRS,DEPUTY ASSISTANCE SECRETARY FOR INTERGOVERNMENTAL AFFAIRS
Cabinet Level Agencies,VAJC,DEPARTMENT OF VETERANS AFFAIRS,DEPUTY ASSISTANT SECRETARY FOR PUBLIC AFFAIRS
Cabinet Level Agencies,VAKA,DEPARTMENT OF VETERANS AFFAIRS,IMMEDIATE OFFICE OF THE ASSISTANT SECRETARY FOR CONGRESSIONAL AND LEGISLATIVE AFFAIRS
Cabinet Level Agencies,VAKB,DEPARTMENT OF VETERANS AFFAIRS,DEPUTY ASSISTANT SECRETARY FOR CONGRESSIONAL AFFAIRS
Cabinet Level Agencies,VALA,DEPARTMENT OF VETERANS AFFAIRS,VETERANS BENEFITS ADMINISTRATION
Cabinet Level Agencies,VAPA,DEPARTMENT OF VETERANS AFFAIRS,NATIONAL CEMETERY ADMINISTRATION
Cabinet Level Agencies,VATA,DEPARTMENT OF VETERANS AFFAIRS,VETERANS HEALTH ADMINISTRATION
Large Independent Agencies (1000 or more employees),AM00,U.S. AGENCY FOR INTERNATIONAL DEVELOPMENT,U.S. AGENCY FOR INTERNATIONAL DEVELOPMENT
Large Independent Agencies (1000 or more employees),CU00,NATIONAL CREDIT UNION ADMINISTRATION,NATIONAL CREDIT UNION ADMINISTRATION
Large Independent Agencies (1000 or more employees),EE00,EQUAL EMPLOYMENT OPPORTUNITY COMMISSION,EQUAL EMPLOYMENT OPPORTUNITY COMMISSION
Large Independent Agencies (1000 or more employees),EP00,ENVIRONMENTAL PROTECTION AGENCY,ENVIRONMENTAL PROTECTION AGENCY
Large Independent Agencies (1000 or more employees),FC00,FEDERAL COMMUNICATIONS COMMISSION,FEDERAL COMMUNICATIONS COMMISSION
Large Independent Agencies (1000 or more employees),FD00,FEDERAL DEPOSIT INSURANCE CORPORATION,FEDERAL DEPOSIT INSURANCE CORPORATION
Large Independent Agencies (1000 or more employees),FQ01,COURT SERVICES AND OFFENDER SUPERVISION AGENCY FOR THE DISTRICT OF COLUMBIA,OFFICE OF THE DIRECTOR
Large Independent Agencies (1000 or more employees),FQ02,COURT SERVICES AND OFFENDER SUPERVISION AGENCY FOR THE DISTRICT OF COLUMBIA,PRETRIAL SERVICES AGENCY
Large Independent Agencies (1000 or more employees),FRFT,FEDERAL RESERVE SYSTEM,BUREAU OF CONSUMER FINANCIAL PROTECTION
Large Independent Agencies (1000 or more employees),FT00,FEDERAL TRADE COMMISSION,FEDERAL TRADE COMMISSION
Large Independent Agencies (1000 or more employees),GS01,GENERAL SERVICES ADMINISTRATION,IMMEDIATE OFFICE OF THE ADMINISTRATOR
Large Independent Agencies (1000 or more employees),GS02,GENERAL SERVICES ADMINISTRATION,OFFICE OF ADMINISTRATIVE SERVICES
Large Independent Agencies (1000 or more employees),GS03,GENERAL SERVICES ADMINISTRATION,PUBLIC BUILDINGS SERVICE
Large Independent Agencies (1000 or more employees),GS04,GENERAL SERVICES ADMINISTRATION,OFFICE OF CIVIL RIGHTS
Large Independent Agencies (1000 or more employees),GS10,GENERAL SERVICES ADMINISTRATION,OFFICE OF SMALL BUSINESS UTILIZATION
Large Independent Agencies (1000 or more employees),GS11,GENERAL SERVICES ADMINISTRATION,OFFICE OF THE CHIEF FINANCIAL OFFICER
Large Independent Agencies (1000 or more employees),GS12,GENERAL SERVICES ADMINISTRATION,OFFICE OF GENERAL COUNSEL
Large Independent Agencies (1000 or more employees),GS13,GENERAL SERVICES ADMINISTRATION,CIVILIAN BOARD OF CONTRACT APPEALS
Large Independent Agencies (1000 or more employees),GS14,GENERAL SERVICES ADMINISTRATION,OFFICE OF THE HUMAN RESOURCES MANAGEMENT
Large Independent Agencies (1000 or more employees),GS15,GENERAL SERVICES ADMINISTRATION,OFFICE OF INSPECTOR GENERAL
Large Independent Agencies (1000 or more employees),GS20,GENERAL SERVICES ADMINISTRATION,OFFICE OF CONGRESSIONAL AND INTERGOVERNMENTAL AFFAIRS
Large Independent Agencies (1000 or more employees),GS22,GENERAL SERVICES ADMINISTRATION,OFFICES OF THE REGIONAL ADMINISTRATORS
Large Independent Agencies (1000 or more employees),GS26,GENERAL SERVICES ADMINISTRATION,OFFICE OF GOVERNMENTWIDE POLICY
Large Independent Agencies (1000 or more employees),GS28,GENERAL SERVICES ADMINISTRATION,OFFICE OF GSA IT
Large Independent Agencies (1000 or more employees),GS30,GENERAL SERVICES ADMINISTRATION,FEDERAL ACQUISITION SERVICE
Large Independent Agencies (1000 or more employees),GS31,GENERAL SERVICES ADMINISTRATION,OFFICE OF MISSION ASSURANCE
Large Independent Agencies (1000 or more employees),GS32,GENERAL SERVICES ADMINISTRATION,OFFICE OF STRATEGIC COMMUNICATION
Large Independent Agencies (1000 or more employees),GS33,GENERAL SERVICES ADMINISTRATION,OFFICE OF THE CUSTOMER EXPERIENCE
Large Independent Agencies (1000 or more employees),IB00,U.S. AGENCY FOR GLOBAL MEDIA,U.S. AGENCY FOR GLOBAL MEDIA
Large Independent Agencies (1000 or more employees),LP00,GOVERNMENT PRINTING OFFICE,GOVERNMENT PRINTING OFFICE
Large Independent Agencies (1000 or more employees),NF00,NATIONAL SCIENCE FOUNDATION,NATIONAL SCIENCE FOUNDATION
Large Independent Agencies (1000 or more employees),NL00,NATIONAL LABOR RELATIONS BOARD,NATIONAL LABOR RELATIONS BOARD
Large Independent Agencies (1000 or more employees),NN10,NATIONAL AERONAUTICS AND SPACE ADMINISTRATION,"HEADQUARTERS, NASA"
Large Independent Agencies (1000 or more employees),NN21,NATIONAL AERONAUTICS AND SPACE ADMINISTRATION,AMES RESEARCH CENTER
Large Independent Agencies (1000 or more employees),NN22,NATIONAL AERONAUTICS AND SPACE ADMINISTRATION,JOHN GLENN RESEARCH CENTER AT LEWIS FIELD
Large Independent Agencies (1000 or more employees),NN23,NATIONAL AERONAUTICS AND SPACE ADMINISTRATION,LANGLEY RESEARCH CENTER
Large Independent Agencies (1000 or more employees),NN24,NATIONAL AERONAUTICS AND SPACE ADMINISTRATION,NEIL A. ARMSTRONG FLIGHT RESEARCH CENTER
Large Independent Agencies (1000 or more employees),NN51,NATIONAL AERONAUTICS AND SPACE ADMINISTRATION,GODDARD SPACE FLIGHT CENTER
Large Independent Agencies (1000 or more employees),NN62,NATIONAL AERONAUTICS AND SPACE ADMINISTRATION,GEORGE C. MARSHALL SPACE FLIGHT CENTER
Large Independent Agencies (1000 or more employees),NN64,NATIONAL AERONAUTICS AND SPACE ADMINISTRATION,JOHN C. STENNIS SPACE CENTER
Large Independent Agencies (1000 or more employees),NN72,NATIONAL AERONAUTICS AND SPACE ADMINISTRATION,LYNDON B. JOHNSON SPACE CENTER
Large Independent Agencies (1000 or more employees),NN76,NATIONAL AERONAUTICS AND SPACE ADMINISTRATION,JOHN F. KENNEDY SPACE CENTER
Large Independent Agencies (1000 or more employees),NQ00,NATIONAL ARCHIVES AND RECORDS ADMINISTRATION,NATIONAL ARCHIVES AND RECORDS ADMINISTRATION
Large Independent Agencies (1000 or more employees),NU00,NUCLEAR REGULATORY COMMISSION,NUCLEAR REGULATORY COMMISSION
Large Independent Agencies (1000 or more employees),OM00,OFFICE OF PERSONNEL MANAGEMENT,OFFICE OF PERSONNEL MANAGEMENT
Large Independent Agencies (1000 or more employees),SB00,SMALL BUSINESS ADMINISTRATION,SMALL BUSINESS ADMINISTRATION
Large Independent Agencies (1000 or more employees),SE00,SECURITIES AND EXCHANGE COMMISSION,SECURITIES AND EXCHANGE COMMISSION
Large Independent Agencies (1000 or more employees),SM01,SMITHSONIAN INSTITUTION,NATIONAL GALLERY OF ART
Large Independent Agencies (1000 or more employees),SM02,SMITHSONIAN INSTITUTION,WOODROW WILSON INTERNATIONAL CENTER FOR SCHOLARS
Large Independent Agencies (1000 or more employees),SM03,SMITHSONIAN INSTITUTION,SMITHSONIAN INSTITUTION (EXCEPT UNITS ADMINISTERED UNDER SEPARATE BOARDS OF TRUSTEES)
Large Independent Agencies (1000 or more employees),SM04,SMITHSONIAN INSTITUTION,JOHN F. KENNEDY CENTER FOR THE PERFORMING ARTS
Large Independent Agencies (1000 or more employees),SZ00,SOCIAL SECURITY ADMINISTRATION,SOCIAL SECURITY ADMINISTRATION
Medium Independent Agencies (100-999 employees),AH01,NATIONAL FOUNDATION ON THE ARTS AND THE HUMANITIES,NATIONAL ENDOWMENT FOR THE ARTS
Medium Independent Agencies (100-999 employees),AH02,NATIONAL FOUNDATION ON THE ARTS AND THE HUMANITIES,NATIONAL ENDOWMENT FOR THE HUMANITIES
Medium Independent Agencies (100-999 employees),AH03,NATIONAL FOUNDATION ON THE ARTS AND THE HUMANITIES,INSTITUTE OF MUSEUM AND LIBRARY SERVICES
Medium Independent Agencies (100-999 employees),AU00,FEDERAL LABOR RELATIONS AUTHORITY,FEDERAL LABOR RELATIONS AUTHORITY
Medium Independent Agencies (100-999 employees),BD00,MERIT SYSTEMS PROTECTION BOARD,MERIT SYSTEMS PROTECTION BOARD
Medium Independent Agencies (100-999 employees),BF00,DEFENSE NUCLEAR FACILITIES SAFETY BOARD,DEFENSE NUCLEAR FACILITIES SAFETY BOARD
Medium Independent Agencies (100-999 employees),BG00,PENSION BENEFIT GUARANTY CORPORATION,PENSION BENEFIT GUARANTY CORPORATION
Medium Independent Agencies (100-999 employees),BO00,OFFICE OF MANAGEMENT AND BUDGET,OFFICE OF MANAGEMENT AND BUDGET
Medium Independent Agencies (100-999 employees),CT00,COMMODITY FUTURES TRADING COMMISSION,COMMODITY FUTURES TRADING COMMISSION
Medium Independent Agencies (100-999 employees),EB00,EXPORT-IMPORT BANK OF THE UNITED STATES,EXPORT-IMPORT BANK OF THE UNITED STATES
Medium Independent Agencies (100-999 employees),EC00,OFFICE OF ADMINISTRATION,OFFICE OF ADMINISTRATION
Medium Independent Agencies (100-999 employees),FL00,FARM CREDIT ADMINISTRATION,FARM CREDIT ADMINISTRATION
Medium Independent Agencies (100-999 employees),FM00,FEDERAL MEDIATION AND CONCILIATION SERVICE,FEDERAL MEDIATION AND CONCILIATION SERVICE
Medium Independent Agencies (100-999 employees),FW00,OFFICE OF SPECIAL COUNSEL,OFFICE OF SPECIAL COUNSEL
Medium Independent Agencies (100-999 employees),GB00,DEVELOPMENT FINANCE CORPORATION,DEVELOPMENT FINANCE CORPORATION
Medium Independent Agencies (100-999 employees),GJ00,PRESIDIO TRUST,PRESIDIO TRUST
Medium Independent Agencies (100-999 employees),GW00,"INTERNATIONAL BOUNDARY AND WATER COMMISSION, U.S. SECTION","INTERNATIONAL BOUNDARY AND WATER COMMISSION, U.S. SECTION"
Medium Independent Agencies (100-999 employees),HD00,U.S. HOLOCAUST MEMORIAL MUSEUM,U.S. HOLOCAUST MEMORIAL MUSEUM
Medium Independent Agencies (100-999 employees),HFHA,FEDERAL HOUSING FINANCE AGENCY,FEDERAL HOUSING FINANCE AGENCY
Medium Independent Agencies (100-999 employees),HFHI,FEDERAL HOUSING FINANCE AGENCY,OFFICE OF INSPECTOR GENERAL
Medium Independent Agencies (100-999 employees),JL03,JUDICIAL BRANCH,U.S. TAX COURT
Medium Independent Agencies (100-999 employees),KS00,CORPORATION FOR NATIONAL AND COMMUNITY SERVICE,CORPORATION FOR NATIONAL AND COMMUNITY SERVICE
Medium Independent Agencies (100-999 employees),LF00,FEDERAL ELECTION COMMISSION,FEDERAL ELECTION COMMISSION
Medium Independent Agencies (100-999 employees),MC00,FEDERAL MARITIME COMMISSION,FEDERAL MARITIME COMMISSION
Medium Independent Agencies (100-999 employees),MI00,MILLENNIUM CHALLENGE CORPORATION,MILLENNIUM CHALLENGE CORPORATION
Medium Independent Agencies (100-999 employees),PU00,PEACE CORPS,PEACE CORPS
Medium Independent Agencies (100-999 employees),RF00,FEDERAL RETIREMENT THRIFT INVESTMENT BOARD,FEDERAL RETIREMENT THRIFT INVESTMENT BOARD
Medium Independent Agencies (100-999 employees),RH00,ARMED FORCES RETIREMENT HOME,ARMED FORCES RETIREMENT HOME
Medium Independent Agencies (100-999 employees),RR00,RAILROAD RETIREMENT BOARD,RAILROAD RETIREMENT BOARD
Medium Independent Agencies (100-999 employees),SK00,CONSUMER PRODUCT SAFETY COMMISSION,CONSUMER PRODUCT SAFETY COMMISSION
Medium Independent Agencies (100-999 employees),SS00,SELECTIVE SERVICE SYSTEM,SELECTIVE SERVICE SYSTEM
Medium Independent Agencies (100-999 employees),TB00,NATIONAL TRANSPORTATION SAFETY BOARD,NATIONAL TRANSPORTATION SAFETY BOARD
Medium Independent Agencies (100-999 employees),TC00,U.S. INTERNATIONAL TRADE COMMISSION,U.S. INTERNATIONAL TRADE COMMISSION
Medium Independent Agencies (100-999 employees),TN00,OFFICE OF THE U.S. TRADE REPRESENTATIVE,OFFICE OF THE U.S. TRADE REPRESENTATIVE
Medium Independent Agencies (100-999 employees),TW00,SURFACE TRANSPORTATION BOARD,SURFACE TRANSPORTATION BOARD
Small Independent Agencies (less than 100 employees),AA00,ADMINISTRATIVE CONFERENCE OF THE UNITED STATES,ADMINISTRATIVE CONFERENCE OF THE UNITED STATES
Small Independent Agencies (less than 100 employees),AB00,AMERICAN BATTLE MONUMENTS COMMISSION,AMERICAN BATTLE MONUMENTS COMMISSION
Small Independent Agencies (less than 100 employees),AN00,AFRICAN DEVELOPMENT FOUNDATION,AFRICAN DEVELOPMENT FOUNDATION
Small Independent Agencies (less than 100 employees),AP00,APPALACHIAN REGIONAL COMMISSION,APPALACHIAN REGIONAL COMMISSION
Small Independent Agencies (less than 100 employees),AW00,ARCTIC RESEARCH COMMISSION,ARCTIC RESEARCH COMMISSION
Small Independent Agencies (less than 100 employees),BH00,COMMISSION FOR THE PRESERVATION OF AMERICA'S HERITAGE ABROAD,COMMISSION FOR THE PRESERVATION OF AMERICA'S HERITAGE ABROAD
Small Independent Agencies (less than 100 employees),BK00,JAMES MADISON MEMORIAL FELLOWSHIP FOUNDATION,JAMES MADISON MEMORIAL FELLOWSHIP FOUNDATION
Small Independent Agencies (less than 100 employees),BT00,ARCHITECTURAL AND TRANSPORTATION BARRIERS COMPLIANCE BOARD,ARCHITECTURAL AND TRANSPORTATION BARRIERS COMPLIANCE BOARD
Small Independent Agencies (less than 100 employees),BW00,NUCLEAR WASTE TECHNICAL REVIEW BOARD,NUCLEAR WASTE TECHNICAL REVIEW BOARD
Small Independent Agencies (less than 100 employees),CC00,COMMISSION ON CIVIL RIGHTS,COMMISSION ON CIVIL RIGHTS
Small Independent Agencies (less than 100 employees),CE00,COUNCIL OF ECONOMIC ADVISERS,COUNCIL OF ECONOMIC ADVISERS
Small Independent Agencies (less than 100 employees),CF00,COMMISSION OF FINE ARTS,COMMISSION OF FINE ARTS
Small Independent Agencies (less than 100 employees),CX00,NATIONAL COMMISSION ON LIBRARIES AND INFORMATION SCIENCE,NATIONAL COMMISSION ON LIBRARIES AND INFORMATION SCIENCE
Small Independent Agencies (less than 100 employees),DA00,DELTA REGIONAL AUTHORITY,DELTA REGIONAL AUTHORITY
Small Independent Agencies (less than 100 employees),DB00,PUBLIC INTEREST DECLASSIFICATION BOARD,PUBLIC INTEREST DECLASSIFICATION BOARD
Small Independent Agencies (less than 100 employees),DG00,NORTHERN BORDER REGIONAL COMMISSION,NORTHERN BORDER REGIONAL COMMISSION
Small Independent Agencies (less than 100 employees),DO00,OFFICE OF THE CYBER DIRECTOR,OFFICE OF THE CYBER DIRECTOR
Small Independent Agencies (less than 100 employees),DQ00,DENALI COMMISSION,DENALI COMMISSION
Small Independent Agencies (less than 100 employees),EO00,MORRIS K. UDALL AND STEWART L. UDALL FOUNDATION,MORRIS K. UDALL AND STEWART L. UDALL FOUNDATION
Small Independent Agencies (less than 100 employees),EQ00,COUNCIL ON ENVIRONMENTAL QUALITY/OFFICE OF ENVIRONMENTAL QUALITY,COUNCIL ON ENVIRONMENTAL QUALITY/OFFICE OF ENVIRONMENTAL QUALITY
Small Independent Agencies (less than 100 employees),EW00,TRADE AND DEVELOPMENT AGENCY,TRADE AND DEVELOPMENT AGENCY
Small Independent Agencies (less than 100 employees),FI00,FEDERAL FINANCIAL INSTITUTIONS EXAMINATION COUNCIL,FEDERAL FINANCIAL INSTITUTIONS EXAMINATION COUNCIL
Small Independent Agencies (less than 100 employees),FJ00,CHEMICAL SAFETY AND HAZARD INVESTIGATION BOARD,CHEMICAL SAFETY AND HAZARD INVESTIGATION BOARD
Small Independent Agencies (less than 100 employees),FK00,FARM CREDIT SYSTEM INSURANCE CORPORATION,FARM CREDIT SYSTEM INSURANCE CORPORATION
Small Independent Agencies (less than 100 employees),GC00,GULF COAST ECOSYSTEM RESTORATION COUNCIL,GULF COAST ECOSYSTEM RESTORATION COUNCIL
Small Independent Agencies (less than 100 employees),GE00,BARRY GOLDWATER SCHOLARSHIP AND EXCELLENCE IN EDUCATION FOUNDATION,BARRY GOLDWATER SCHOLARSHIP AND EXCELLENCE IN EDUCATION FOUNDATION
Small Independent Agencies (less than 100 employees),GG00,OFFICE OF GOVERNMENT ETHICS,OFFICE OF GOVERNMENT ETHICS
Small Independent Agencies (less than 100 employees),GQ00,ELECTION ASSISTANCE COMMISSION,ELECTION ASSISTANCE COMMISSION
Small Independent Agencies (less than 100 employees),GU00,THE US SEMIQUINCENTENNIAL COMMISSION,THE US SEMIQUINCENTENNIAL COMMISSION
Small Independent Agencies (less than 100 employees),GX00,INTERNATIONAL BOUNDARY COMMISSION:  UNITED STATES AND CANADA,INTERNATIONAL BOUNDARY COMMISSION:  UNITED STATES AND CANADA
Small Independent Agencies (less than 100 employees),GY00,INTERNATIONAL JOINT COMMISSION:  UNITED STATES AND CANADA,INTERNATIONAL JOINT COMMISSION:  UNITED STATES AND CANADA
Small Independent Agencies (less than 100 employees),HB01,COMMITTEE FOR PURCHASE FROM PEOPLE WHO ARE BLIND OR SE VERELY DISABLED,OFFICE OF THE COMMITTEE FOR PURCHASE FROM PEOPLE WHO A RE BLIND OR SEVERELY DISABLED
Small Independent Agencies (less than 100 employees),HB02,COMMITTEE FOR PURCHASE FROM PEOPLE WHO ARE BLIND OR SE VERELY DISABLED,OFFICE OF INSPECTOR GENERAL
Small Independent Agencies (less than 100 employees),HP00,ADVISORY COUNCIL ON HISTORIC PRESERVATION,ADVISORY COUNCIL ON HISTORIC PRESERVATION
Small Independent Agencies (less than 100 employees),HT00,HARRY S. TRUMAN SCHOLARSHIP FOUNDATION,HARRY S. TRUMAN SCHOLARSHIP FOUNDATION
Small Independent Agencies (less than 100 employees),HW00,U.S. INTERAGENCY COUNCIL ON HOMELESSNESS,U.S. INTERAGENCY COUNCIL ON HOMELESSNESS
Small Independent Agencies (less than 100 employees),IF00,INTER-AMERICAN FOUNDATION,INTER-AMERICAN FOUNDATION
Small Independent Agencies (less than 100 employees),IG00,COUNCIL OF THE INSPECTORS GENERAL ON INTEGRITY AND EFFICIENCY,COUNCIL OF THE INSPECTORS GENERAL ON INTEGRITY AND EFFICIENCY
Small Independent Agencies (less than 100 employees),IP00,INTELLECTUAL PROPERTY ENFORCEMENT COORDINATOR,INTELLECTUAL PROPERTY ENFORCEMENT COORDINATOR
Small Independent Agencies (less than 100 employees),KY00,PUBLIC BUILDINGS REFORM BOARD,PUBLIC BUILDINGS REFORM BOARD
Small Independent Agencies (less than 100 employees),MA00,MARINE MAMMAL COMMISSION,MARINE MAMMAL COMMISSION
Small Independent Agencies (less than 100 employees),NK00,NATIONAL COUNCIL ON DISABILITY,NATIONAL COUNCIL ON DISABILITY
Small Independent Agencies (less than 100 employees),NM00,NATIONAL MEDIATION BOARD,NATIONAL MEDIATION BOARD
Small Independent Agencies (less than 100 employees),NP00,NATIONAL CAPITAL PLANNING COMMISSION,NATIONAL CAPITAL PLANNING COMMISSION
Small Independent Agencies (less than 100 employees),NS00,NATIONAL SECURITY COUNCIL,NATIONAL SECURITY COUNCIL
Small Independent Agencies (less than 100 employees),OP00,Office of Pandemic Preparedness and Response Policy,Office of Pandemic Preparedness and Response Policy
Small Independent Agencies (less than 100 employees),OS00,OCCUPATIONAL SAFETY AND HEALTH REVIEW COMMISSION,OCCUPATIONAL SAFETY AND HEALTH REVIEW COMMISSION
Small Independent Agencies (less than 100 employees),QQ00,OFFICE OF NATIONAL DRUG CONTROL POLICY,OFFICE OF NATIONAL DRUG CONTROL POLICY
Small Independent Agencies (less than 100 employees),RE00,OFFICE OF NAVAJO AND HOPI INDIAN RELOCATION,OFFICE OF NAVAJO AND HOPI INDIAN RELOCATION
Small Independent Agencies (less than 100 employees),RJ00,CIVIL RIGHTS COLD CASE REVIEW BOARD (CRCCRB),CIVIL RIGHTS COLD CASE REVIEW BOARD (CRCCRB)
Small Independent Agencies (less than 100 employees),RO00,MEDICAID AND CHIP PAYMENT AND ACCESS COMMISSION,MEDICAID AND CHIP PAYMENT AND ACCESS COMMISSION
Small Independent Agencies (less than 100 employees),RS00,FEDERAL MINE SAFETY AND HEALTH REVIEW COMMISSION,FEDERAL MINE SAFETY AND HEALTH REVIEW COMMISSION
Small Independent Agencies (less than 100 employees),TS00,OFFICE OF SCIENCE AND TECHNOLOGY POLICY,OFFICE OF SCIENCE AND TECHNOLOGY POLICY
Small Independent Agencies (less than 100 employees),UJ00,JAPAN-UNITED STATES FRIENDSHIP COMMISSION,JAPAN-UNITED STATES FRIENDSHIP COMMISSION
Small Independent Agencies (less than 100 employees),UT00,UTAH RECLAMATION MITIGATION AND CONSERVATION COMMISSION,UTAH RECLAMATION MITIGATION AND CONSERVATION COMMISSION
Small Independent Agencies (less than 100 employees),VD00,PRIVACY AND CIVIL LIBERTIES OVERSIGHT BOARD,PRIVACY AND CIVIL LIBERTIES OVERSIGHT BOARD
Small Independent Agencies (less than 100 employees),WK00,FEDERAL PERMITTING IMPROVEMENT STEERING COUNCIL,FEDERAL PERMITTING IMPROVEMENT STEERING COUNCIL
Small Independent Agencies (less than 100 employees),WU00,SOUTHWEST BORDER REGIONAL COMMISSION,SOUTHWEST BORDER REGIONAL COMMISSION
Small Independent Agencies (less than 100 employees),WX00,WORLD WAR 1 CENTENNIAL COMMISSION,WORLD WAR 1 CENTENNIAL COMMISSION
Small Independent Agencies (less than 100 employees),ZP00,U.S. COMMISSION ON INTERNATIONAL RELIGIOUS FREEDOM,U.S. COMMISSION ON INTERNATIONAL RELIGIOUS FREEDOM
Small Independent Agencies (less than 100 employees),ZS00,UNITED STATES-CHINA ECONOMIC AND SECURITY REVIEW COMMISSION,UNITED STATES-CHINA ECONOMIC AND SECURITY REVIEW COMMISSION